<?xml version="1.0" encoding="UTF-8" standalone="yes"?>
<addon id="plugin.program.metatechwizard"
       name="Meta-Tech Wizard"
       version="1.0.0"
       provider-name="Metacogniton"
       extension point="xbmc.python.pluginsource"
       library="addon.py">
  <requires>
    <import addon="xbmc.python" version="3.0.0"/>
  </requires>
  <extension point="xbmc.addon.metadata">
    <summary lang="en">Downloads the Meta-Tech build and launches Backup add-on to restore.</summary>
    <description lang="en">Downloads mt4.9.zip to temp folder, then opens the Backup add-on for restore.</description>
    <platform>all</platform>
  </extension>
</addon>

